{"cameraMode":{"drawMode":0,"name":"Shaded","section":"Shading Mode"},"sceneLighting":true,"audioPlay":false,"sceneViewState":{"showFog":true,"showMaterialUpdate":false,"showSkybox":true,"showFlares":true,"showImageEffects":true,"showParticleSystems":true},"in2DMode":false,"pivot":{"x":-2.38482403755188,"y":11.591150283813477,"z":0.6237735748291016},"rotation":{"x":0.09018100798130036,"y":0.015802979469299318,"z":-0.001405626186169684,"w":0.995852530002594},"size":14.03918743133545,"orthographic":false}