{"cameraMode":{"drawMode":0,"name":"Shaded","section":"Shading Mode"},"sceneLighting":false,"audioPlay":false,"sceneViewState":{"showFog":true,"showMaterialUpdate":false,"showSkybox":false,"showFlares":true,"showImageEffects":true,"showParticleSystems":true},"in2DMode":false,"pivot":{"x":-377.388427734375,"y":35.57244110107422,"z":-52.6654167175293},"rotation":{"x":0.11257142573595047,"y":0.009804652072489262,"z":-0.0010941007640212775,"w":0.9936471581459045},"size":18.105323791503908,"orthographic":false}